-- phpMyAdmin SQL Dump
-- version 4.2.11
-- http://www.phpmyadmin.net
--
-- Host: 127.0.0.1
-- Generation Time: May 10, 2015 at 05:26 PM
-- Server version: 5.6.21
-- PHP Version: 5.5.19

SET SQL_MODE = "NO_AUTO_VALUE_ON_ZERO";
SET time_zone = "+00:00";


/*!40101 SET @OLD_CHARACTER_SET_CLIENT=@@CHARACTER_SET_CLIENT */;
/*!40101 SET @OLD_CHARACTER_SET_RESULTS=@@CHARACTER_SET_RESULTS */;
/*!40101 SET @OLD_COLLATION_CONNECTION=@@COLLATION_CONNECTION */;
/*!40101 SET NAMES utf8 */;

--
-- Database: `db_buusk`
--

-- --------------------------------------------------------

--
-- Table structure for table `branch`
--

CREATE TABLE IF NOT EXISTS `branch` (
`id` int(11) NOT NULL,
  `name` varchar(100) NOT NULL,
  `faculty_id` int(11) NOT NULL,
  `createdate` date NOT NULL,
  `creator` int(11) NOT NULL
) ENGINE=InnoDB AUTO_INCREMENT=16 DEFAULT CHARSET=utf8;

--
-- Dumping data for table `branch`
--

INSERT INTO `branch` (`id`, `name`, `faculty_id`, `createdate`, `creator`) VALUES
(1, 'คอมพิวเตอร์-ธุรกิจ', 28, '2015-03-23', 1),
(2, 'สาขาวิชาคอมพิวเตอร์ธุรกิจ (บธ.บ.)', 28, '2015-03-23', 1),
(3, 'สาขาวิชาเทคโนโลยีสารสนเทศ (วท.บ.)', 28, '2015-03-23', 1),
(4, 'สาขาการบริหารทั่วไป (รป.บ.)', 28, '2015-03-23', 1),
(5, 'สาขาวิชาการจัดการโลจิสติกส์และการค้าชายแดน (บธ.บ.)', 28, '2015-03-23', 1),
(6, 'สาขาวิชาทรัพยากรธรรมชาติและสิ่งแวดล้อม (วท.บ.)', 28, '2015-03-23', 1),
(7, 'สาขาวิชาการจัดการทรัพยากรมนุษย์ (บธ.บ.)', 28, '2015-05-10', 1),
(8, 'กลุ่มวิชาเทคโนโลยีการผลิตพืช', 27, '2015-03-23', 1),
(9, 'กลุ่มวิชาเทคโนโลยีหลังการเก็บเกี่ยว', 27, '2015-03-23', 1),
(10, 'กลุ่มวิชาเทคโนโลยีการผลิตสัตว์', 27, '2015-03-23', 1),
(11, 'กลุ่มวิชาส่งเสริมและพัฒนาการเกษตร', 27, '2015-05-10', 1),
(12, 'แขนงวิชาวิทยาศาสตร์และเทคโนโลยีการอาหาร', 27, '2015-03-23', 1),
(13, 'แขนงวิชาผลิตภัณฑ์เพื่อสุขภาพและความงาม', 27, '2015-03-23', 1),
(15, 'ฟหฟหฟห', 3, '2015-05-10', 1);

-- --------------------------------------------------------

--
-- Table structure for table `campus`
--

CREATE TABLE IF NOT EXISTS `campus` (
`id` int(11) NOT NULL,
  `name` varchar(100) NOT NULL,
  `createdate` date NOT NULL,
  `creator` int(11) NOT NULL
) ENGINE=InnoDB AUTO_INCREMENT=5 DEFAULT CHARSET=utf8;

--
-- Dumping data for table `campus`
--

INSERT INTO `campus` (`id`, `name`, `createdate`, `creator`) VALUES
(1, 'บางแสน (ชลบุรี)', '2015-03-23', 1),
(2, 'วิทยาเขตจันทบุรี', '2015-03-23', 1),
(3, 'วิทยาเขตสระแก้ว', '2015-03-23', 1),
(4, 'โครงการจัดตั้ง', '2015-03-23', 1);

-- --------------------------------------------------------

--
-- Table structure for table `faculty`
--

CREATE TABLE IF NOT EXISTS `faculty` (
`id` int(11) NOT NULL,
  `name` varchar(100) NOT NULL,
  `createdate` date NOT NULL,
  `creator` int(11) NOT NULL
) ENGINE=InnoDB AUTO_INCREMENT=32 DEFAULT CHARSET=utf8;

--
-- Dumping data for table `faculty`
--

INSERT INTO `faculty` (`id`, `name`, `createdate`, `creator`) VALUES
(2, 'คณะการจัดการและการท่องเที่ยว', '2015-03-23', 1),
(3, 'คณะการแพทย์แผนไทยอภัยภูเบศร', '2015-03-23', 1),
(4, ' คณะดนตรีและการแสดง', '2015-03-23', 1),
(5, 'คณะพยาบาลศาสตร์', '2015-03-23', 1),
(6, 'คณะแพทยศาสตร์', '2015-03-23', 1),
(7, 'คณะเภสัชศาสตร์', '2015-03-23', 1),
(8, 'คณะภูมิสารสนเทศศาสตร์', '2015-03-23', 1),
(9, 'คณะมนุษยศาสตร์และสังคมศาสตร์', '2015-03-23', 1),
(10, 'คณะรัฐศาสตร์และนิติศาสตร์', '2015-03-23', 1),
(11, 'คณะโลจิสติกส์', '2015-03-23', 1),
(12, 'คณะวิทยาการสารสนเทศ', '2015-03-23', 1),
(13, 'คณะวิทยาศาสตร์', '2015-03-23', 1),
(14, 'คณะวิทยาศาสตร์การกีฬา', '2015-03-23', 1),
(15, 'คณะวิศวกรรมศาสตร์', '2015-03-23', 1),
(16, 'คณะศิลปกรรมศาสตร์', '2015-03-23', 1),
(17, 'คณะศึกษาศาสตร์', '2015-03-23', 1),
(18, 'คณะสาธารณสุขศาสตร์', '2015-03-23', 1),
(19, 'คณะสหเวชศาสตร์', '2015-03-23', 1),
(20, ' วิทยาลัยการบริหารรัฐกิจ', '2015-03-23', 1),
(21, 'วิทยาลัยนานาชาติ', '2015-03-23', 1),
(22, 'วิทยาลัยพาณิชยศาสตร์', '2015-03-23', 1),
(23, ' วิทยาลัยวิทยาการวิจัยและวิทยาการปัญญา', '2015-03-23', 1),
(24, 'คณะเทคโนโลยีทางทะเล', '2015-03-23', 1),
(25, 'คณะวิทยาศาสตร์และศิลปศาสตร์', '2015-03-23', 1),
(26, 'คณะอัญมณี', '2015-03-23', 1),
(27, 'คณะเทคโนโลยีการเกษตร', '2015-03-23', 1),
(28, 'คณะวิทยาศาสตร์และสังคมศาสตร์', '2015-05-10', 1),
(29, 'โครงการจัดตั้งคณะพาณิชยศาสตร์และบริหารธุรกิจ', '2015-05-10', 1),
(31, 'ฟหฟห', '2015-05-10', 1);

-- --------------------------------------------------------

--
-- Table structure for table `image`
--

CREATE TABLE IF NOT EXISTS `image` (
`id` int(11) NOT NULL,
  `name` varchar(255) NOT NULL,
  `type_id` int(11) NOT NULL,
  `createdate` date NOT NULL,
  `creator` int(11) NOT NULL
) ENGINE=InnoDB AUTO_INCREMENT=58 DEFAULT CHARSET=utf8;

--
-- Dumping data for table `image`
--

INSERT INTO `image` (`id`, `name`, `type_id`, `createdate`, `creator`) VALUES
(11, '../upload/image_event/1427670847_FullSizeRender.jpg', 0, '2015-03-29', 1),
(12, '../upload/image_event/1427671647_73a72a8628e435dc8dde5c4c5ed6ffc9-copy-2.jpg', 2, '2015-03-29', 1),
(13, '../upload/image_event/1427671647_400x400.gif', 2, '2015-03-29', 1),
(14, '../upload/image_event/1427671647_16841221396_6c8402837f_z.jpg', 2, '2015-03-29', 1),
(16, '../upload/image_event/1427672150_73a72a8628e435dc8dde5c4c5ed6ffc9-copy-2.jpg', 3, '2015-03-29', 1),
(17, '../upload/image_event/1427672150_400x400.gif', 3, '2015-03-29', 1),
(18, '../upload/image_event/1427672150_16841221396_6c8402837f_z.jpg', 3, '2015-03-29', 1),
(19, '../upload/image_event/1427672150_applewatchvogue3-800x600.jpg', 3, '2015-03-29', 1),
(20, '../upload/image_event/1427672150_FFE4FC42C4BAC4D7B463552D1C9E04CD.jpg', 3, '2015-03-29', 1),
(21, '../upload/image_event/1427672150_FullSizeRender.jpg', 3, '2015-03-29', 1),
(22, '../upload/image_event/1427672150_IMG_40671.png', 3, '2015-03-29', 1),
(23, '../upload/image_event/1427672151_lenovo-s90.jpg', 3, '2015-03-29', 1),
(24, '../upload/image_event/1427673551_Screen-Shot-2558-03-25-at-12.04.40-AM.png', 5, '2015-03-29', 1),
(25, '../upload/image_event/1427673551_ud3z60.jpg', 5, '2015-03-29', 1),
(26, '../upload/image_event/1427673552_unnamed12.jpg', 5, '2015-03-29', 1),
(27, '../upload/image_event/1427673552_unnamed-29.jpg', 5, '2015-03-29', 1),
(28, '../upload/image_event/1427673552_zoom_image.png', 5, '2015-03-29', 1),
(29, '../upload/image_event/1427673552_Screen-Shot-2558-03-25-at-12.04.40-AM.png', 5, '2015-03-29', 1),
(30, '../upload/image_event/1427673552_ud3z60.jpg', 5, '2015-03-29', 1),
(36, '../upload/image_event/1427673552_unnamed12.jpg', 5, '2015-03-29', 1),
(39, '../upload/image_event/1427673552_Screen-Shot-2558-03-25-at-12.04.40-AM.png', 5, '2015-03-29', 1),
(40, '../upload/image_event/1427673552_ud3z60.jpg', 5, '2015-03-29', 1),
(41, '../upload/image_event/1427673552_unnamed12.jpg', 5, '2015-03-29', 1),
(42, '../upload/image_event/1427673552_unnamed-29.jpg', 5, '2015-03-29', 1),
(43, '../upload/image_event/1427673552_zoom_image.png', 5, '2015-03-29', 1),
(44, '../upload/image_event/1427673917_10271234_864781750215486_1387319158161322367_o2.jpg', 6, '2015-03-29', 1),
(48, '../upload/image_event/1427674162_10271234_864781750215486_1387319158161322367_o2.jpg', 6, '2015-03-29', 1),
(49, '../upload/image_event/1429287072_16841221396_6c8402837f_z.jpg', 3, '2015-04-17', 5),
(52, '../upload/image_event/1429287217_IMG_40671.png', 6, '2015-04-17', 5),
(53, '../upload/image_event/1429287228_lenovo-s90.jpg', 4, '2015-04-17', 5),
(54, '../upload/image_event/1429713864_xbox_360_1 (5).jpg', 2, '2015-04-22', 1),
(55, '../upload/image_event/1429713864_xbox_360_1 (6).jpg', 2, '2015-04-22', 1),
(56, '../upload/image_event/1429713864_xbox_360_1 (7).jpg', 2, '2015-04-22', 1),
(57, '../upload/image_event/1429713864_xbox_360_1 (8).jpg', 2, '2015-04-22', 1);

-- --------------------------------------------------------

--
-- Table structure for table `image_type`
--

CREATE TABLE IF NOT EXISTS `image_type` (
`id` int(11) NOT NULL,
  `name` varchar(255) NOT NULL,
  `createdate` date NOT NULL,
  `creator` int(11) NOT NULL
) ENGINE=InnoDB AUTO_INCREMENT=7 DEFAULT CHARSET=utf8;

--
-- Dumping data for table `image_type`
--

INSERT INTO `image_type` (`id`, `name`, `createdate`, `creator`) VALUES
(2, 'ภาพข่าวกีฬา', '2015-03-29', 1),
(3, 'กิจกรรม สันธนาการ', '2015-03-29', 1),
(4, 'กิจกรรม อารมดี', '2015-03-29', 1),
(5, 'แนะนำธรรมชาติ ', '2015-03-29', 1),
(6, 'กิจกรรมมหาลัย', '2015-03-29', 1);

-- --------------------------------------------------------

--
-- Table structure for table `news`
--

CREATE TABLE IF NOT EXISTS `news` (
`id` int(11) NOT NULL COMMENT 'รหัสข่าว',
  `title` varchar(100) NOT NULL COMMENT 'หัวข้อข่าว',
  `detail` text NOT NULL COMMENT 'รายละเอียดข่าว',
  `image` text NOT NULL,
  `group_id` int(11) NOT NULL,
  `reference` varchar(255) NOT NULL COMMENT 'แหล่งที่มา',
  `startdate` date DEFAULT NULL,
  `enddate` date DEFAULT NULL,
  `createdate` timestamp NOT NULL DEFAULT CURRENT_TIMESTAMP COMMENT 'วันที่สร้าง',
  `creator` int(11) NOT NULL COMMENT 'ผู้สร้าง',
  `is_update` int(1) NOT NULL DEFAULT '0' COMMENT 'ข่าวถูกแก้ไข 0=ไม่ได้แก้ไข 1= แก้ไข',
  `status_id` int(11) NOT NULL
) ENGINE=InnoDB AUTO_INCREMENT=60 DEFAULT CHARSET=utf8;

--
-- Dumping data for table `news`
--

INSERT INTO `news` (`id`, `title`, `detail`, `image`, `group_id`, `reference`, `startdate`, `enddate`, `createdate`, `creator`, `is_update`, `status_id`) VALUES
(23, 'โปรโมชั่น iStudio ดิจิตอล เกตเวย์ปิดสาขา ลดราคา iPhone ,iPad,iPod ,MacBook ทั้งร้านสูงสุด 70% เริ่ม ', 'ทาง iStudio จึงจำเป็นต้องปิดสาขาลงโดยจัดโปรโมชั่น iGarage Clearance Sale up to 70% off! ลดราคาสินค้าทั้งร้านราคาพิเศษไม่ว่าจะเป็น iPhone , iPad , iPod ในราคาสุดพิเศษ! อีกทั้ง แกตเจต สปีคเกอร์ เฮดโฟน เคส และอีกมากมาย!! มาร่วมส่งท้ายกันได้ที่ iStudio by copperwired สาขา ดิจิตอล เกตเวย์ ตั้งแต่ 25 – 31 มีนาคม 2558\r\n\r\n*EOL = สินค้าตกรุ่น\r\n\r\n**Demo = สินค้าตัวโชว์\r\n\r\n*** Cosmetic = สินค้ามีตำหนิ', '../upload/images/1427524101_73a72a8628e435dc8dde5c4c5ed6ffc9-copy-2.jpg', 3, '', '2015-02-10', '2015-03-27', '2015-01-06 06:28:21', 1, 1, 3),
(24, 'จับพระเณรพ่อลูก อ้างสำนักสงฆ์บังคับเดินเรี่ยไรเงิน', 'ผู้สื่อข่าวรายงานว่า (2 ธ.ค.) รายการเรื่องเล่าเช้านี้ ทางช่อง 3 รายงานว่า สำนักงานพุทธศาสนานนทบุรี ได้รับการร้องเรียนจากชาวบ้านว่า มีพระภิกษุชรา 1 รูป และเณร 1 รูป มายืนถือตู้เงินขอรับเงินบริจาค ที่บริเวณตลาดกรมชลประทาน ปากเกร็ด ถนนติวานนท์ อ.ปากเกร็ด จ.นนทบุรี\r\n\r\nจากการสอบถามรายละเอียดการมาขอรับบริจาค ทราบชื่อ พระเบน จีนเบี้ยว อายุ 68 ปี ซึ่งเจ้าหน้าที่ระบุว่าเป็นพระปลอม และสามเณรทองดี จีนเบี้ยว เป็นพ่อลูกกัน ทั้ง 2 รูปจำวัดอยู่ที่ สำนักสงฆ์ทุ่งสีทองหนองโสน หมู่ที่ 6 ต.จรเข้สามพัน อ.อู่ทอง จ.สุพรรณบุรี\r\n\r\nโดยทั้งคู่อ้างว่านายสมหวัง ฉิมทบุตร มัคทายกของสำนักสงฆ์ดังกล่าว บังคับให้ออกมาเรี่ยไรเงิน และทุกครั้งที่เดินทางมาจะให้คนขับรถของสำนักสงฆ์ขับรถกระบะนิสสัน ไม่ทราบทะเบียน พาออกมาหาเงิน ซึ่งจะได้ค่าจ้างรูปละ 200 บาท ถ้าไม่ทำนายสมหวังก็จะไม่ให้อาศัยอยู่ที่วัด\r\n\r\nทั้งนี้ สามเณรทองดีเคยมีประวัติถูกจับแบบเดียวกันมาแล้ว 6 ครั้ง ที่กรุงเทพฯ 5 ครั้ง ที่จังหวัดอ่างทองอีก 1 ครั้ง และเคยถูกจับข้อหาเสพยาเสพติด', '../upload/images/1427524332_Screen-Shot-2558-03-25-at-12.04.40-AM.png', 1, '', '2015-01-26', '2015-03-27', '2015-02-05 06:32:12', 1, 1, 3),
(25, 'แผนกผลิตภัณฑ์การถ่ายภาพบริษัท โอลิมปัส ประเทศไทยก้าวไปอีกขั้น มุ่งสู่การเพิ่มความพึงพอใจให้กับลูกค้า', '- ขอแนะนำ Olympus Gallery, Olympusphrere เว็บไซต์สำหหรับแชร์ภาพถ่าย และเว็บไซต์ผลิตภัณฑ์กล้องถ่ายภาพและอุปกรณ์อิเล็กทรอนิกส์ ในรูปแบบใหม่\r\n\r\nอาคารสรชัย ชั้น 27 เอกมัย กรุงเทพฯ - 25 มีนาคม 2558: บริษัท โอลิมปัส (ประเทศไทย) จำกัด มีความยินดีที่จะประกาศเปิดตัวโอลิมปัสแกลเลอรี่ เว็บไซต์แชร์ภาพถ่ายสำหรับผู้ใช้กล้องโอลิมปัส " Olympusphere" และเว็บไซต์ของผลิตภัณฑ์กล้องถ่ายภาพและอุปกรณ์อิเล็กทรอนิกส์ ในรูปแบบใหม่ เพื่อเพิ่มความสนุกสนานให้กับการถ่ายภาพมากยึ่งขึ้น\r\n\r\nOlympus Gallery ซึ่งอยู่ในร้านอีสบอนน์ ที่เซ็นทรัล เฟสติวัล พัทยา บีช ชั้น 3 ที่เรียกได้ว่าเป็นแลนด์มาร์คของเมืองพัทยา จะเปิดตัวในวันที่ 27 มีนาคม 2558 เป็นแกลเลอรี่ภาพถ่าย แกลเลอรี่แรกของโอลิมปัสในประเทศไทย มีการจัดแสดงภาพถ่ายที่สวยงามจากกล้องและอุปกรณ์ของโอลิมปัส ซึ่งภาพถ่ายที่แกลเลอรี่แห่งนี้ จะมีการเปลี่ยนภาพถ่ายอย่างสม่ำเสมอ เพื่อแสดงถึงความหลากหลายของการถ่ายภาพ ภาพถ่ายที่จัดแสดงครั้งแรก คือ การแข่งขันกีฬาเอเชียนบีชเกมส์ครั้งที่ 4 ซึ่งเป็นผลงานภาพถ่าย โดย Mr. Risato Ando ช่างภาพมืออาชีพของคณะกรรมการโอลิมปิคแห่งประเทศไทย โดยชุดภาพถ่ายของคุณอันโดะ เป็นภาพที่บันทึกระหว่างการแข่งขันกีฬาชายหาดได้อย่างยอดเยี่ยม หากคุณได้มีโอกาสมาพักผ่อนที่พัทยา อย่าลืมแวะมาเยี่ยมชมแกลเลอรี่ของเรา ณ ใจกลางเมืองพัทยา อันเป็นสถานที่ที่สะดวกต่อเข้าการเยี่ยมชม เพื่อเพิ่มประสบการณ์กับภาพถ่าย ที่น่าตื่นตาตื่นใจ', '../upload/images/1427524304_ud3z60.jpg', 5, '', '0000-00-00', '0000-00-00', '2015-03-24 06:31:44', 1, 1, 3),
(31, 'อัพเดทโปรโมชั่น Closing down Sale upto 70% ที่ iStudio สาขา Digital Gateway เหลืออะไรบ้าง', ' หลังจากที่เมื่อวานนี้เป็นวันแรกที่เริ่มงาน Closing down Sale upto 70% ที่ iStudio สาขา Digital Gateway ซึ่งได้การตอบรับอย่างท่วมท้น ทำให้สินค้าทั้ง Mac Mini ,iMac และ Macbook Pro สินค้าหมดไปเรียบร้อย ในวันนี้มาอัพเดทสินค้าที่เหลืออยู่ว่าจะมีอะไรบ้าง โดยยังมี iPhone 6 , iPhone  6 Plus , iPad Air   และ iPad mini with Retina Display  รวมไปถึงยังมีอุปกรณ์เสริม Headphones Speaker, Battery, Gadget  ที่ลดสูงสุดถึง70% อีกด้วย ใครที่สนใจสามารถไปจับจองเป็นเจ้าของกันได้ที่  iStudio สาขา Digital Gateway  ตั้งแต่ 10.00 – 18.00 น. ระหว่างวันที่ 25 – 31 มีนาคม 2558 นี้ เท่านั้น', '../upload/images/1427523777_73a72a8628e435dc8dde5c4c5ed6ffc9-copy-2.jpg', 10, '', '2015-01-26', '2015-04-04', '2015-04-09 06:22:57', 1, 1, 3),
(32, 'Central ออนไลน์จัดให้!! หั่นราคา Galaxy Note 4 ลง 7,000 บาท ตามมาด้วย Galaxy A7 และ Galaxy A5', 'Central ออนไลน์จัดโปรโมทชั่นสมาร์ทโฟน Samsung Galaxy ราคาพิเศษทั้ง 3 รุ่นได้แก่ Galaxy Note 4 ,Galaxy A7 และ Galaxy A5 ซึ่งลดราคาจากปกติ 2,000 บาทถึง 7,000 บาทเลยทีเดียว ซึ่งทาง Central ออนไลน์ ได้สงวนสิทธิ์จำกัดจำนวนสั่งซื้อ 1 ชิ้นต่อ 1 คนโปรโมชั่นจะสิ้นสุดในวันที่ 31 มีนาคมนี้เท่านั้น ใครที่มีคะแนน The 1 Card เยอะๆหลายแสนคะแนนนำมาแลกซื้อได้ฟรีๆอีกด้วย', '../upload/images/1427523388_Screen-Shot-2558-03-25-at-7.59.10-PM.png', 3, '', '2015-01-26', '2015-04-05', '2015-03-09 06:16:28', 1, 0, 3),
(33, 'Microsoft Lumia 640 XL หน้าจอขนาดใหญ่ 5.7 นิ้ววางจำหน่ายในไทยแล้วราคา 7,990 บาท', 'วันนี้เป็นวันแรกที่ Microsoft ได้วางจำหน่าย Lumia 640 XL Dual SIM สมาร์ทโฟนจอใหญ่ 5.7 นิ้ว รองรับ 2 ซิม ใช้ระบบปฎิบัติการ Windows Phone 8.1 เวอร์ชั่นล่าสุด Lumia Denim ทุกภาพชัดด้วยกล้องขนาด 13 ล้านพิกเซล วางจำหน่ายในราคา 7,990 บาท และยังได้ใช้งาน Office 365 Personal ฟรีนาน 12 เดือน', '../upload/images/1427523594_Lumia-640-XL-3g-DSIM-beauty1-jpg.jpg', 3, '', '2015-02-02', '2015-03-27', '2015-03-28 06:21:54', 1, 1, 1),
(34, 'Sony นำทัพนวัตกรรมเครื่องเสียงรถยนต์ระดับ Hi-Res Audio ส่งตรงจากงาน CES 2015 อวดโฉมในงาน Motor Show ', 'บริษัท โซนี่ ไทย จำกัด ยกทัพสุดยอดเทคโนโลยีเครื่องเสียงรถยนต์ระดับไฮเรสออดิโอ (High-Resolution Audio) รุ่นล่าสุด สร้างสีสันแห่งประสบการณ์ความบันเทิงในรถยนต์ในงาน Bangkok International Motor Show 2015', '../upload/images/1427523860_unnamed-29.jpg', 3, '', '2015-01-26', '2015-03-27', '2015-03-28 06:24:20', 1, 0, 3),
(39, 'เจาะเวลาหาอดีต!! Facebook เปิดตัวฟีเจอร์ใหม่ On This Day แสดงเรื่องราววันนี้ในอดีตเตือนความทรงจำ', 'วันนี้ Facebook ได้เปิดตัวฟีเจอร์ใหม่ที่มีชื่อว่า On This Day ในการที่จะย้อนอดีตความทรงจำต่างๆที่เราโพสไว้บน Facebook ทั้งภาพถ่ายรวมถึงภาพที่ถูกแทกจากเพื่อน ซึ่งเราเท่านั้นที่จะเห็นหน้า On This Day ส่วนตัวได้', '../upload/images/1427523932_onthisday.jpg', 3, '', '2015-01-26', '2015-03-27', '2015-03-28 06:25:32', 1, 0, 3),
(40, 'Canon เปิดตัวกล้องดิจิตอลคอมแพ็คตระกูล IXUS รุ่นใหม่พร้อม Wi-Fi และ NFC ในตัว', 'บริษัท แคนนอน มาร์เก็ตติ้ง (ไทยแลนด์) จำกัด เปิดตัวกล้องดิจิตอลคอมแพ็คตระกูล IXUS รุ่นใหม่ต้อนรับซัมเมอร์ที่จะมาถึง มีให้เลือกมากถึง 3 รุ่น คือ IXUS 275 HS, IXUS 170 และ IXUS 160 ตัวกล้องเน้นดีไซน์สวย คุณภาพดี ซูมได้ไกล พกง่ายใช้คล่องในราคาเบาๆ พร้อม Wi-Fi และ NFC ในตัว เพื่อการชู๊ต&แชร์ขึ้นโชเชี่ยลได้ทันใจ', '../upload/images/1427523971_FFE4FC42C4BAC4D7B463552D1C9E04CD.jpg', 3, '', '2015-02-16', '2015-03-27', '2015-03-28 06:26:11', 1, 0, 3),
(41, 'ที่หนีบมือถือในรถยนต์ แบบแท่นตัวดูดติดกระจกรถ', 'ปกติราคา 890 บาท เหลือ 290 บาท มีจำนวนจำกัด', '../upload/images/1427524214_ud3z60.jpg', 11, '', '2015-02-03', '2015-03-27', '2015-03-28 06:30:14', 1, 0, 3),
(42, 'Stormblades เกมสุดมันส์บน iOS และ Android ลูกผสมระหว่าง Infinaity Blade และ Temple Run ดาวน์โหลดฟรีท', 'วันนี้มีเกมใหม่บน iPhone ,iPad และ Android มาแนะนำกับเกมที่มีชื่อ Stormblades จากค่าย Kiloo ที่ฝากงานกับเกมชื่อดัง Subway Surfers ที่ติดกันงอมแงมมาแล้ว และสำหรับเกม Stormblades นั้นก็มีกราฟฟิคสวยงามเป็นเกมแนวลูกผสมระหว่างเกมInfinaity Blade และ Temple Run ที่จะต้องใช้ดาบฟาดฟันเหล่าศัตรูบนโบราณสถานที่ตั้งอยู่บนยอดเขา โดยจะมีเหล่ามอสเตอร์ดักอยู่ตามจุดต่างๆที่เราต้องผ่านทางไป ซึ่งจะมีความยากง่ายแตกต่างกันไป', '../upload/images/1427524436_screen640x640-3.jpeg', 11, '', '2015-02-10', '2015-03-27', '2015-03-28 06:33:56', 1, 0, 1),
(43, 'ชมภาพ Apple Watch ขึ้นปกบนปกนิตสารแฟชั่นชื่อดังหลายฉบับในเดือนมีนาคม', 'เป็นที่ทราบกันว่า Apple ได้เตรียมวางจำหน่าย Apple Watch อย่างเป็นทางการในวันที่ 24 เมษายนนี้ โดยจะเปิดจองในวันที่ 10 เมษายนในกลุ่มประเทศแรกได้แก่ สหรัฐอเมริกา, ออสเตรเลีย, แคนาดา, จีน, ฝรั่งเศส, เยอรมนี, ฮ่องกง, ญี่ปุ่นและสหราชอาณาจักร ในราคาเริ่มต้นราว 11,500 บาท ซึ่งตลอดทั้งเดือนมีนาคมตั้งแต่ต้นเดือนทาง Apple ก็ได้เริ่มโปรโมทกับนิตสารแฟชั่นชื่อดังมากมายในหลาสยประเทศไม่ว่าจะเป็น นิตสาร Vogue ในสหรัฐอเมริกา, ปารีส และลอนดอน นิตสาร Style,Self magazine และ Fitness Magazine รวมถึงนิตยสารแฟชั่นในแถบเอเชียได้แก่ East Touch ของฮ่องกง , YOHO ของจีน และล่าสุดกับนิตยสาร Elle ในประเทศออสเตรเลีย', '../upload/images/1427524495_applewatchvogue3-800x600.jpg', 11, '', '2015-02-10', '2015-03-27', '2015-03-28 06:34:55', 1, 0, 1),
(44, 'Samsung ประเทศไทยประกาศจำหน่าย Galaxy S6 และ Galaxy S6 edge เมษายนนี้หลังเทศกาลสงกรานต์', 'ซัมซุงปลื้มกระแสตอบรับ ซัมซุง กาแลคซี่ เอส 6 และกาแลคซี่ เอส 6 เอดจ์ ทั่วโลกแรงเกินคาด ผู้บริโภคถูกใจดีไซน์สวยนวัตกรรมสุดล้ำ ด้านซัมซุง ประเทศไทย เตรียมพร้อมเปิดตัวแน่นอนเดือนเมษายนนี้', '../upload/images/1427524610_unnamed12.jpg', 11, '', '2015-02-10', '2015-03-27', '2015-03-28 06:36:50', 1, 0, 1),
(45, 'Sony คืนชีพ God of War III นำมารีมาสเตอร์มาลงเครื่อง PS4 วันที่ 14 กรกฎาคมนี้ (ชมคลิป)', 'Sony ฉลอง 10 ปีเกมซีรีย์ God of War ประกาศนำเอา God of War III ที่เคยลงเครื่อง PS3 เมื่อปี 2010 มารีมาสเตอร์ใหม่หมด อัพเกรดกราฟฟิคในเกมเป็นความละเอียด 1080p (60FPS) ลงเครื่อง PlayStation 4 ในวันที่ 14 กรกฎาคม 2015 ส่วนภาพจะสวยงามอลังการขนาดไหนชมได้จากคลิปด้านล่าง ส่วนความโหดของตัวเกมนั้นก็ไม่น่าจะลดลงแต่อย่างใด', '../upload/images/1427524720_16841221396_6c8402837f_z.jpg', 11, '', '2015-02-09', '2015-03-27', '2015-03-28 06:38:40', 1, 1, 1),
(46, 'ถ้า iPhone 6s มาพร้อมกับสีทอง Rose Gold จะสวยงามขนาดไหน เชิญชม', 'วันนี้ก็มีภาพคอนเซปสวยๆฝีมือของ Martin Hajek เจ้าเก่าที่นำเอา iPhone 6s รุ่นใหม่ในปีนี้มาเพิ่มความหรูหราให้แตกต่างจากรุ่น iPhone 6 สีทองแบบปกติด้วยการทำภาพเรนเดอร์ให้มาพร้อมกับสีทอง Rose Gold เช่นเดียวกับ Apple Watch Edition รุ่นที่มีราคาแพงที่สุดนั่นเอง ซึ่งทาง Martin Hajek ก็เรนเดอร์ออกมาได้สมจริงมากๆ อีกด้วย', '../upload/images/NO_IMAGE.gif', 11, '', '2015-02-09', '2015-03-27', '2015-03-28 06:40:50', 1, 0, 1),
(47, 'Huawei หั่นราคา honor 3X สมาร์ทโฟนจอ 5.5 นิ้ว 8 Core สุดคุ้มเหลือเพียง 6,990 บาทแล้ววันนี้', 'Huawei หั่นราคาสมาร์ทโฟน 8 Core ที่คุ้มที่สุดตอนนี้ Huawei honor 3X จากราคาปกติ 8,990 บาทเหลือพียง 6,990 บาทแล้ววันนี้ทั่วประเทศ และถ้าซื้อที่ Huawei แบรนด์ชอปพารากอน รับบัตรโลตัสไปเลยอีก 1,000 บาท!! สำหรับสเปคของ Huawei honor 3X มาพร้อม หน้าจอ 5.5 นิ้ว ซีพียู OCTA Core MTK 6592 1.7Ghz รองรับการใช้งาน 2 ซิม กล้อง 13 ล้านพิกเซล + 5 ล้านพิกเซล แบตเตอรี่ 3,000 mAh', '../upload/images/1427524949_IMG_40671.png', 11, '', '2015-02-10', '2015-03-27', '2015-03-28 06:42:29', 1, 0, 1),
(48, 'AIS จัดโปรย้ายลดราคา iPhone 6 และ iPhone 6 Plus ลดทันที 6,500 บาท (ติดสัญญา 12 เดือน', 'สุดคุ้ม! ย้ายค่ายเบอร์เดิมมาเอไอเอส รายเดือน วันนี้ซื้อ iPhone 6 และ iPhone 6 Plus ลดทันที 6,500 บาท iPhone 5s ความจุ 16GB ลดถึง 9,900 บาท หรือ iPhone 4s 8GB ลด 6,460 บาท เมื่อสมัครแพ็กเกจ iSmart พร้อมชำระค่าบริการรายเดือนตามอัตราที่กำหนด (ระยะสัญญา 12 เดือน ยกเว้น iPhone 4s ระยะสัญญา 18 เดือน)', '../upload/images/NO_IMAGE.gif', 11, '', '2015-02-18', '2015-03-27', '2015-03-28 06:43:09', 1, 0, 3),
(49, 'Instagram เปิดตัวแอพใหม่ Layout สำหรับ iPhone ดาวน์โหลดฟรีที่นี่', 'วันนี้ Instagram ได้ปล่อยแอพใหม่ล่าสุดที่มีชื่อว่า Layout ในการจัดเรียงภาพถ่ายได้สูงสุด 9 ภาพมาจัดวางตามช่องต่างๆ รวมถึงการจัดการภาพในช่องต่างไม่ว่าจะเป็น แตะเพื่อทำภาพสะท้อน พลิกภาพ แตะค้างแล้วลากเพื่อสลับภาพ หุบหรือกางนิ้วเพื่อซูมเข้าหรือออก หรือดึงที่จับบนภาพเพื่อปรับขนาด', '../upload/images/1427525040_Screen-Shot-2558-03-24-at-9.09.56-AM.png', 11, '', '2015-02-10', '2015-03-27', '2015-03-28 06:44:00', 1, 0, 3),
(50, 'Lenovo S90 กล้องหน้า 8 ล้านพิกเซลพร้อม LED แฟลชวางจำหน่ายแล้วในราคา 9,990 บาท', 'ยกระดับการถ่ายภาพเซลฟ์ฟี่กับ เลอโนโว S90 (เอส 90) สมาร์ทโฟนใหม่ล่าสุดจากเลอโนโว บริษัทผู้ผลิตสมาร์ทโฟนรายใหญ่อันดับสามของโลก ออกแบบเพื่อผู้ที่หลงใหลในการถ่ายภาพอย่างแท้จริงด้วยกล้องหน้าและหลังที่สามารถถ่ายภาพได้คมชัดแม้ในที่ที่มีแสงน้อย วัสดุตัวเครื่องคุณภาพระดับพรีเมียมให้ความสวยงาม ล้ำสมัย ทั้งยังกันรอยนิ้วมือ ตอบโจทย์ทุกการใช้งานในราคาย่อมเยาว์', '../upload/images/1427525073_lenovo-s90.jpg', 11, '', '2015-02-18', '2015-03-27', '2015-03-29 06:44:33', 1, 0, 3),
(51, '111111111111111111', 'dddddddddd', '../upload/images/NO_IMAGE.gif', 9, '', NULL, NULL, '2015-04-05 05:58:28', 5, 0, 3),
(52, 'wwqwqw', 'qwqwqwq', '../upload/images/1428481046_73a72a8628e435dc8dde5c4c5ed6ffc9-copy-2.jpg', 2, '', NULL, NULL, '2015-04-08 08:17:26', 1, 0, 3),
(53, 'แผนกผลิตภัณฑ์การถ่ายภาพบริษัท โอลิมปัส ประเทศไทยก้าวไปอีกขั้น มุ่งสู่การเพิ่มความพึงพอใจให้กับลูกค้า', '- ขอแนะนำ Olympus Gallery, Olympusphrere เว็บไซต์สำหหรับแชร์ภาพถ่าย และเว็บไซต์ผลิตภัณฑ์กล้องถ่ายภาพและอุปกรณ์อิเล็กทรอนิกส์ ในรูปแบบใหม่\r\n\r\nอาคารสรชัย ชั้น 27 เอกมัย กรุงเทพฯ - 25 มีนาคม 2558: บริษัท โอลิมปัส (ประเทศไทย) จำกัด มีความยินดีที่จะประกาศเปิดตัวโอลิมปัสแกลเลอรี่ เว็บไซต์แชร์ภาพถ่ายสำหรับผู้ใช้กล้องโอลิมปัส " Olympusphere" และเว็บไซต์ของผลิตภัณฑ์กล้องถ่ายภาพและอุปกรณ์อิเล็กทรอนิกส์ ในรูปแบบใหม่ เพื่อเพิ่มความสนุกสนานให้กับการถ่ายภาพมากยึ่งขึ้น\r\n\r\nOlympus Gallery ซึ่งอยู่ในร้านอีสบอนน์ ที่เซ็นทรัล เฟสติวัล พัทยา บีช ชั้น 3 ที่เรียกได้ว่าเป็นแลนด์มาร์คของเมืองพัทยา จะเปิดตัวในวันที่ 27 มีนาคม 2558 เป็นแกลเลอรี่ภาพถ่าย แกลเลอรี่แรกของโอลิมปัสในประเทศไทย มีการจัดแสดงภาพถ่ายที่สวยงามจากกล้องและอุปกรณ์ของโอลิมปัส ซึ่งภาพถ่ายที่แกลเลอรี่แห่งนี้ จะมีการเปลี่ยนภาพถ่ายอย่างสม่ำเสมอ เพื่อแสดงถึงความหลากหลายของการถ่ายภาพ ภาพถ่ายที่จัดแสดงครั้งแรก คือ การแข่งขันกีฬาเอเชียนบีชเกมส์ครั้งที่ 4 ซึ่งเป็นผลงานภาพถ่าย โดย Mr. Risato Ando ช่างภาพมืออาชีพของคณะกรรมการโอลิมปิคแห่งประเทศไทย โดยชุดภาพถ่ายของคุณอันโดะ เป็นภาพที่บันทึกระหว่างการแข่งขันกีฬาชายหาดได้อย่างยอดเยี่ยม หากคุณได้มีโอกาสมาพักผ่อนที่พัทยา อย่าลืมแวะมาเยี่ยมชมแกลเลอรี่ของเรา ณ ใจกลางเมืองพัทยา อันเป็นสถานที่ที่สะดวกต่อเข้าการเยี่ยมชม เพื่อเพิ่มประสบการณ์กับภาพถ่าย ที่น่าตื่นตาตื่นใจ', '../upload/images/1427524304_ud3z60.jpg', 5, '', '0000-00-00', '0000-00-00', '2015-03-24 06:31:44', 1, 1, 3),
(54, 'จับพระเณรพ่อลูก อ้างสำนักสงฆ์บังคับเดินเรี่ยไรเงิน', 'ผู้สื่อข่าวรายงานว่า (2 ธ.ค.) รายการเรื่องเล่าเช้านี้ ทางช่อง 3 รายงานว่า สำนักงานพุทธศาสนานนทบุรี ได้รับการร้องเรียนจากชาวบ้านว่า มีพระภิกษุชรา 1 รูป และเณร 1 รูป มายืนถือตู้เงินขอรับเงินบริจาค ที่บริเวณตลาดกรมชลประทาน ปากเกร็ด ถนนติวานนท์ อ.ปากเกร็ด จ.นนทบุรี\r\n\r\nจากการสอบถามรายละเอียดการมาขอรับบริจาค ทราบชื่อ พระเบน จีนเบี้ยว อายุ 68 ปี ซึ่งเจ้าหน้าที่ระบุว่าเป็นพระปลอม และสามเณรทองดี จีนเบี้ยว เป็นพ่อลูกกัน ทั้ง 2 รูปจำวัดอยู่ที่ สำนักสงฆ์ทุ่งสีทองหนองโสน หมู่ที่ 6 ต.จรเข้สามพัน อ.อู่ทอง จ.สุพรรณบุรี\r\n\r\nโดยทั้งคู่อ้างว่านายสมหวัง ฉิมทบุตร มัคทายกของสำนักสงฆ์ดังกล่าว บังคับให้ออกมาเรี่ยไรเงิน และทุกครั้งที่เดินทางมาจะให้คนขับรถของสำนักสงฆ์ขับรถกระบะนิสสัน ไม่ทราบทะเบียน พาออกมาหาเงิน ซึ่งจะได้ค่าจ้างรูปละ 200 บาท ถ้าไม่ทำนายสมหวังก็จะไม่ให้อาศัยอยู่ที่วัด\r\n\r\nทั้งนี้ สามเณรทองดีเคยมีประวัติถูกจับแบบเดียวกันมาแล้ว 6 ครั้ง ที่กรุงเทพฯ 5 ครั้ง ที่จังหวัดอ่างทองอีก 1 ครั้ง และเคยถูกจับข้อหาเสพยาเสพติด', '../upload/images/1427524332_Screen-Shot-2558-03-25-at-12.04.40-AM.png', 1, '', '2015-01-26', '2015-03-27', '2015-01-16 06:32:12', 1, 1, 3),
(55, 'โปรโมชั่น iStudio ดิจิตอล เกตเวย์ปิดสาขา ลดราคา iPhone ,iPad,iPod ,MacBook ทั้งร้านสูงสุด 70% เริ่ม ', 'ทาง iStudio จึงจำเป็นต้องปิดสาขาลงโดยจัดโปรโมชั่น iGarage Clearance Sale up to 70% off! ลดราคาสินค้าทั้งร้านราคาพิเศษไม่ว่าจะเป็น iPhone , iPad , iPod ในราคาสุดพิเศษ! อีกทั้ง แกตเจต สปีคเกอร์ เฮดโฟน เคส และอีกมากมาย!! มาร่วมส่งท้ายกันได้ที่ iStudio by copperwired สาขา ดิจิตอล เกตเวย์ ตั้งแต่ 25 – 31 มีนาคม 2558\r\n\r\n*EOL = สินค้าตกรุ่น\r\n\r\n**Demo = สินค้าตัวโชว์\r\n\r\n*** Cosmetic = สินค้ามีตำหนิ', '../upload/images/1427524101_73a72a8628e435dc8dde5c4c5ed6ffc9-copy-2.jpg', 3, '', '2015-02-10', '2015-03-27', '2015-01-06 06:28:21', 1, 1, 3),
(56, 'โปรโมชั่น iStudio ดิจิตอล เกตเวย์ปิดสาขา ลดราคา iPhone ,iPad,iPod ,MacBook ทั้งร้านสูงสุด 70% เริ่ม ', 'ทาง iStudio จึงจำเป็นต้องปิดสาขาลงโดยจัดโปรโมชั่น iGarage Clearance Sale up to 70% off! ลดราคาสินค้าทั้งร้านราคาพิเศษไม่ว่าจะเป็น iPhone , iPad , iPod ในราคาสุดพิเศษ! อีกทั้ง แกตเจต สปีคเกอร์ เฮดโฟน เคส และอีกมากมาย!! มาร่วมส่งท้ายกันได้ที่ iStudio by copperwired สาขา ดิจิตอล เกตเวย์ ตั้งแต่ 25 – 31 มีนาคม 2558\r\n\r\n*EOL = สินค้าตกรุ่น\r\n\r\n**Demo = สินค้าตัวโชว์\r\n\r\n*** Cosmetic = สินค้ามีตำหนิ', '../upload/images/1427524101_73a72a8628e435dc8dde5c4c5ed6ffc9-copy-2.jpg', 3, '', '2015-02-10', '2015-03-27', '2015-01-06 06:28:21', 1, 1, 3),
(57, 'โปรโมชั่น iStudio ดิจิตอล เกตเวย์ปิดสาขา ลดราคา iPhone ,iPad,iPod ,MacBook ทั้งร้านสูงสุด 70% เริ่ม ', 'ทาง iStudio จึงจำเป็นต้องปิดสาขาลงโดยจัดโปรโมชั่น iGarage Clearance Sale up to 70% off! ลดราคาสินค้าทั้งร้านราคาพิเศษไม่ว่าจะเป็น iPhone , iPad , iPod ในราคาสุดพิเศษ! อีกทั้ง แกตเจต สปีคเกอร์ เฮดโฟน เคส และอีกมากมาย!! มาร่วมส่งท้ายกันได้ที่ iStudio by copperwired สาขา ดิจิตอล เกตเวย์ ตั้งแต่ 25 – 31 มีนาคม 2558\r\n\r\n*EOL = สินค้าตกรุ่น\r\n\r\n**Demo = สินค้าตัวโชว์\r\n\r\n*** Cosmetic = สินค้ามีตำหนิ', '../upload/images/1427524101_73a72a8628e435dc8dde5c4c5ed6ffc9-copy-2.jpg', 3, '', '2015-02-10', '2015-03-27', '2015-01-06 06:28:21', 1, 1, 3),
(58, 'จับพระเณรพ่อลูก อ้างสำนักสงฆ์บังคับเดินเรี่ยไรเงิน', 'ผู้สื่อข่าวรายงานว่า (2 ธ.ค.) รายการเรื่องเล่าเช้านี้ ทางช่อง 3 รายงานว่า สำนักงานพุทธศาสนานนทบุรี ได้รับการร้องเรียนจากชาวบ้านว่า มีพระภิกษุชรา 1 รูป และเณร 1 รูป มายืนถือตู้เงินขอรับเงินบริจาค ที่บริเวณตลาดกรมชลประทาน ปากเกร็ด ถนนติวานนท์ อ.ปากเกร็ด จ.นนทบุรี\r\n\r\nจากการสอบถามรายละเอียดการมาขอรับบริจาค ทราบชื่อ พระเบน จีนเบี้ยว อายุ 68 ปี ซึ่งเจ้าหน้าที่ระบุว่าเป็นพระปลอม และสามเณรทองดี จีนเบี้ยว เป็นพ่อลูกกัน ทั้ง 2 รูปจำวัดอยู่ที่ สำนักสงฆ์ทุ่งสีทองหนองโสน หมู่ที่ 6 ต.จรเข้สามพัน อ.อู่ทอง จ.สุพรรณบุรี\r\n\r\nโดยทั้งคู่อ้างว่านายสมหวัง ฉิมทบุตร มัคทายกของสำนักสงฆ์ดังกล่าว บังคับให้ออกมาเรี่ยไรเงิน และทุกครั้งที่เดินทางมาจะให้คนขับรถของสำนักสงฆ์ขับรถกระบะนิสสัน ไม่ทราบทะเบียน พาออกมาหาเงิน ซึ่งจะได้ค่าจ้างรูปละ 200 บาท ถ้าไม่ทำนายสมหวังก็จะไม่ให้อาศัยอยู่ที่วัด\r\n\r\nทั้งนี้ สามเณรทองดีเคยมีประวัติถูกจับแบบเดียวกันมาแล้ว 6 ครั้ง ที่กรุงเทพฯ 5 ครั้ง ที่จังหวัดอ่างทองอีก 1 ครั้ง และเคยถูกจับข้อหาเสพยาเสพติด', '../upload/images/1427524332_Screen-Shot-2558-03-25-at-12.04.40-AM.png', 1, '', '2015-01-26', '2015-03-27', '2015-01-16 06:32:12', 4, 1, 3),
(59, 'CheckFile', 'CheckFile', '../upload/images/1428800271_xbox_360_1 (1).jpg', 2, 'referencereferencereferencereferencereference', '2015-05-10', '2015-05-24', '2015-05-10 14:51:30', 1, 1, 3);

-- --------------------------------------------------------

--
-- Table structure for table `news_group`
--

CREATE TABLE IF NOT EXISTS `news_group` (
`id` int(11) NOT NULL,
  `name` varchar(100) NOT NULL,
  `createdate` date NOT NULL,
  `creator` int(11) NOT NULL
) ENGINE=InnoDB AUTO_INCREMENT=12 DEFAULT CHARSET=utf8;

--
-- Dumping data for table `news_group`
--

INSERT INTO `news_group` (`id`, `name`, `createdate`, `creator`) VALUES
(1, 'เศรษฐกิจ', '2015-03-27', 1),
(2, 'กีฬา', '2015-03-27', 1),
(3, 'บันเทิง', '2015-03-27', 1),
(4, 'อาชญากรรม', '2015-03-27', 1),
(5, 'การเมือง', '2015-03-27', 1),
(6, 'สังคม', '2015-03-27', 1),
(7, 'ต่างประเทศ', '2015-03-27', 1),
(8, 'ภูมิภาค', '2015-03-27', 1),
(9, 'ตรวจหวย', '2015-03-27', 1),
(10, 'ทั่วไป', '2015-03-27', 1),
(11, 'IT', '2015-03-27', 1);

-- --------------------------------------------------------

--
-- Table structure for table `news_replay`
--

CREATE TABLE IF NOT EXISTS `news_replay` (
`id` int(11) NOT NULL COMMENT 'รหัส',
  `detail` text NOT NULL COMMENT 'รายละเอียด',
  `createdate` timestamp NOT NULL DEFAULT CURRENT_TIMESTAMP COMMENT 'วันสร้าง',
  `replay` int(11) NOT NULL COMMENT 'ผู้ตอบ',
  `is_update` int(1) NOT NULL DEFAULT '0' COMMENT 'การตอบข่าวมีการแก้ไข 0=ไม่ได้แก้ไข 1= แก้ไข',
  `news_id` int(11) NOT NULL COMMENT 'รหัสข่าว'
) ENGINE=InnoDB AUTO_INCREMENT=41 DEFAULT CHARSET=utf8;

--
-- Dumping data for table `news_replay`
--

INSERT INTO `news_replay` (`id`, `detail`, `createdate`, `replay`, `is_update`, `news_id`) VALUES
(1, '0', '0000-00-00 00:00:00', 1, 0, 23),
(2, '0', '2015-03-26 07:00:00', 1, 0, 23),
(3, '0', '2015-03-26 07:00:00', 1, 0, 23),
(4, '0', '2015-03-26 07:00:00', 1, 0, 23),
(5, 'ฟหฟหฟหฟหฟหฟห', '2015-03-26 07:00:00', 1, 0, 23),
(6, 'หกหกหกหก', '2015-03-26 07:00:00', 1, 0, 22),
(7, '6666666666666666', '2015-03-26 07:00:00', 1, 0, 23),
(8, 'sssssssssssssssssssssssssssss', '2015-03-26 07:00:00', 1, 0, 23),
(9, 'aaaaaaaaaaaaaaaaaaaaaaaaaaa', '2015-03-26 07:00:00', 1, 0, 23),
(10, 'ssssssssssssssssssss', '2015-03-26 07:00:00', 1, 0, 23),
(11, 'sssssssssssssssssssssssssssssssssss', '2015-03-26 07:00:00', 1, 0, 23),
(12, 'qqqqqqqqqqqqqqqqqqqqqqqqqqqqqqqqq', '2015-03-26 07:00:00', 1, 0, 22),
(13, 'sssssssssssssssssssssssssssssssssssssssssssssssssssssssss', '2015-03-26 07:00:00', 1, 0, 21),
(14, 'sssssssssssssssssssssssssssssssssssssss', '2015-03-26 07:00:00', 1, 0, 20),
(15, 'sssssssssssssssssssssssssssssssssssssssssssssssssss', '2015-03-26 07:00:00', 1, 0, 19),
(16, 'sssssssssssssssssssssssssssssss', '2015-03-26 07:00:00', 1, 0, 18),
(17, 'sssssssss', '2015-03-26 07:00:00', 1, 0, 14),
(18, 'sssssssssssssssssssssssssssssssssssssssssss', '2015-03-26 07:00:00', 1, 0, 1),
(19, 'sssssssssssssssssssssssssssssssssssssssssss', '2015-03-26 07:00:00', 1, 0, 12),
(20, 'ทดสอบตอบกระมู้', '2015-03-26 07:00:00', 1, 0, 12),
(21, 'sssssssssssssssssssssss', '2015-03-26 07:00:00', 1, 0, 10),
(22, 'คู่แข่ง Facebook', '2015-03-27 06:47:28', 1, 0, 23),
(23, 'sssssssssssssssssssssss replayreplayreplayreplayreplayreplayreplay', '2015-03-27 20:34:16', 5, 1, 26),
(24, 'aaaaaaaaaaaaaaaaaaaaaaaaaaaaaaaaaaa', '2015-03-27 20:22:05', 5, 1, 25),
(25, '11222222222222222222222222222', '2015-03-27 20:22:16', 5, 1, 25),
(27, 'ja post', '2015-03-27 18:36:10', 4, 0, 27),
(28, 'replay  replay', '2015-03-27 23:38:48', 5, 1, 26),
(32, 'มต่อเจ้าหน้าที่ตำรวจ สน.มักกะสัน ก่อนทำการเข้าจับกุมผู้ต้องหา 3 คนได้ที่แขวงทุ่งพญาไท เขตราชเทวี เมื่อวันที่ 27 มี.ค. โดยขณะนี้ยังมีผู้ต้องหาหลบหนีอีก 1 คน ซึ่งเจ้าหน้าที่ได้ออกหมายจับแล้ว เบื้องต้นเจ้าหน้าที่แจ้งข้อกล่าวหาปล้นทรัพย์โดยมีหรือใช้อาวุธปืน โดยใช้ยานพาหนะเพื่อกระทำผิด หรือพาทรัพย์นั้นไป หรือเพื่อให้พ้นการจับกุม และพาอาวุธไปในเมือง หมู่บ้าน หรือทางสาธารณะโดยไม่มีเหตุอันสมควร และข้อหาทำร้ายร่างกาย รายงานจากชุดจับกุมระบุว่า ผู้เสียหายเป็นอดีตบุคลากรของวัดไตรมิตรวิทยาราม ด้าน นายพศณัฎฐ์ หนึ่งในผู้ต้องหาอ้างว่า เหตุจูงใจในการก่อเหตุครั้งนี้เนื่องจากไม่พอใจที่ผู้เสียหายยักยอกเงินวัดไตรมิตรวิทยารามไปเป็นจำนวนมาก พวกตนจึงได้ลงมือก่อเหตุในครั้งนี้ ด้าน นางฮ่วงเซียม แซ่อึ้ง อายุ 65 ปี ผู้เสียหาย เปิดเผยว่า ตามที่ผู้ต้องหาอ้างนั้นไม่เป็นความจริง ทรัพย์สินทั้งหมดเป็นของตน พร้อมที่จะให้การกับเจ้าหน้าที่ตำรวจ และจะแจ้งความข้อหาหมิ่นประมาทเพิ่มด้วย', '2015-03-28 00:18:46', 5, 1, 27),
(33, 'เมื่อเวลา 15.00 น. วันที่ 11 มิ.ย. ผู้สื่อข่าวรายงานว่า พ.ต.อ.ประสพโชค พร้อมมูล รองผู้บังคับการกองปราบปราม (รองผบก.ป.) ในฐานะหัวหน้าพนักงานสอบสวน เปิดเผยว่า ได้รับการประสานจากเจ้าหน้าที่ทหารที่ดูแลนายสมบัติ บุญงามอนงค์ หรือบก.ลายจุด แกนนอนกลุ่มวันอาทิตย์สีแดงว่า ในวันพรุ่งนี้ (12 มิ.ย.) เวลา 10.00 น. เจ้าหน้าที่ทหารจะนำตัวนายสมบัติมาส่งมอบให้กับทางพนักงานสอบสวน ที่กองบังคับการปราบปราม(บก.ป.) เพื่อสอบสวนและแจ้งข้อกล่าววหา โดยได้เตรียมพนักงานสอบสวนไว้จำนวน 2 นาย เพื่อสอบปากคำและแจ้งข้อกล่าวหา ซึ่งทางพนักงานสอบสวนของกองบังคับการปราบปรามการกระทำความผิดเกี่ยวกับอาชญากรรมทางเทคโนโลยี (ปอท.) จะเดินทางมาสอบสวนและแจ้งข้อกล่าวหาในครั้งนี้ด้วย หลังจากนั้นหากยังมีพยานหลักฐานที่ทางพนักงานสอบสวนยังดำเนินการไม่แล้วเสร็จก็จะนำตัวนายสมบัติไปขออำนาจศาลทหารกรุงเทพ เพื่อฝากขังผลัดแรก เป็นเวลา 12วัน ซึ่งระหว่างนี้ทางผู้ต้องสามารถให้ทนายยื่นประกันตัวได้', '2015-03-28 00:19:12', 5, 1, 26),
(34, 'ชุดจับกุมระบุว่า ผู้เสียหายเป็นอดีตบุคลากรของวัดไตรมิตรวิทยาราม ด้าน นายพศ', '2015-03-28 00:29:00', 5, 0, 27),
(35, 'ggggggggggggggg', '2015-03-28 03:41:46', 5, 0, 27),
(36, 'แสดงความคิดเห็น ทดสอบโพสข่าวประชาสัมพันธ์', '2015-03-28 04:14:08', 5, 0, 28),
(37, 'ข่าวดีมาก ติดตามตลอดไปคร้า', '2015-03-28 17:12:20', 4, 0, 50),
(38, 'หหหหหหหหหหหหหหหหหหห', '2015-03-29 04:35:24', 5, 0, 54),
(39, 'sdddddddddddddd', '2015-04-05 05:59:01', 5, 0, 41),
(40, 'ssssssssss', '2015-04-05 05:59:24', 5, 0, 41);

-- --------------------------------------------------------

--
-- Table structure for table `news_status`
--

CREATE TABLE IF NOT EXISTS `news_status` (
`id` int(11) NOT NULL COMMENT 'รหัสสถานะข่าว',
  `name` varchar(50) NOT NULL COMMENT 'ชื่อสถานะข่าว',
  `createdate` date NOT NULL COMMENT 'วันที่สร้าง',
  `creator` int(11) NOT NULL COMMENT 'ผู้สร้าง'
) ENGINE=InnoDB AUTO_INCREMENT=4 DEFAULT CHARSET=utf8;

--
-- Dumping data for table `news_status`
--

INSERT INTO `news_status` (`id`, `name`, `createdate`, `creator`) VALUES
(1, 'ไม่อนุมัติข่าวประชาสัมพันธ์', '2015-04-29', 1),
(3, 'อนุมัติข่าวประชาสัมพันธ์', '2015-04-29', 1);

-- --------------------------------------------------------

--
-- Table structure for table `person`
--

CREATE TABLE IF NOT EXISTS `person` (
`id` int(11) NOT NULL COMMENT 'รหัส',
  `prefix_id` int(11) NOT NULL,
  `fname` varchar(100) NOT NULL COMMENT 'ชื่อ',
  `lname` varchar(100) NOT NULL COMMENT 'สกุล',
  `username` varchar(50) NOT NULL COMMENT 'username',
  `password` varchar(50) NOT NULL COMMENT 'password',
  `studentid` varchar(8) NOT NULL COMMENT 'รหัสนิสิต',
  `faculty_id` int(11) NOT NULL,
  `branch_id` int(11) NOT NULL,
  `year` varchar(4) NOT NULL,
  `idcard` varchar(13) NOT NULL,
  `mobile` varchar(15) NOT NULL COMMENT 'โทรศัพท์',
  `email` varchar(50) NOT NULL COMMENT 'อีเมลล์',
  `createdate` date NOT NULL COMMENT 'วันที่สร้าง',
  `creator` int(11) NOT NULL,
  `status` int(11) NOT NULL COMMENT 'สถานะ'
) ENGINE=InnoDB AUTO_INCREMENT=17 DEFAULT CHARSET=utf8;

--
-- Dumping data for table `person`
--

INSERT INTO `person` (`id`, `prefix_id`, `fname`, `lname`, `username`, `password`, `studentid`, `faculty_id`, `branch_id`, `year`, `idcard`, `mobile`, `email`, `createdate`, `creator`, `status`) VALUES
(1, 0, 'admin', '1234', 'admin', '1234', '12345678', 0, 0, '', '', '0800000000', 'poon_mp@hotmail.com', '0000-00-00', 0, 1),
(4, 0, 'jajaja1234', 'jajaja1234', 'ja', '1234', '12345678', 0, 0, '', '', 'jajaja1234', 'jartam4545@gmail.com', '2015-03-22', 0, 2),
(5, 0, 'user', 'user', 'user', '1234', '52410017', 0, 0, '', '', '52410017', '52410017@gmail.com', '2015-03-22', 0, 2),
(6, 1, 'admoy1234', 'admoy1234', 'admoy', 'admoy1234', 'admoy123', 28, 1, '', '', 'admoy1234', 'admoy1234@gmail.com', '2015-03-23', 0, 1),
(7, 2, 'jajaja1234', 'jajaja1234', 'jajaja1234', 'jajaja1234', '52410000', 28, 1, '2557', '1219800120650', 'jajaja1234', 'jajaja1234@gmail.com', '2015-03-23', 0, 2),
(8, 1, 'student1234', 'student1234', 'student', 'student1234', '52410000', 28, 1, '2541', '0000000000000', 'student1234', 'student1234@gmail.com', '2015-03-23', 0, 2),
(9, 2, '1111111aaaaaaq', '1111111aaaaaaq', '111111111111', '1111111aaaaaaq', '12121212', 28, 1, '2541', '1219800120650', '1111111aaaaaaq', '1111111aaaaaaq@gmail.com', '2015-03-23', 1, 2),
(10, 1, 'p1o2o3l41234', 'p1o2o3l41234', 'p1o2o3l41234', 'p1o2o3l41234', '11111111', 28, 1, '1111', '1111111111111', 'p1o2o3l412', 'p1o2o3l41234@hotmail.com', '2015-04-19', 1, 1),
(11, 2, 'p1o2o3l41234', 'p1o2o3l41234', 'p1o2o3l41234', 'p1o2o3l41234', '11111111', 28, 1, '2539', '1111111111111', 'p1o2o3l412', 'p1o2o3l41234@hotmail.com', '2015-04-19', 1, 2),
(12, 1, 'str_to_date', 'str_to_date', 'str_to_date', 'str_to_date', '11111111', 28, 1, '2005', '1111111111111', '1111111111', 'str_to_date@gmail.ocm', '2015-04-22', 1, 2),
(13, 1, 'birthdate', 'birthdate', 'birthdatebirthdate', 'birthdatebirthdate', '11111111', 28, 1, '2009', '2222222222222', '2222222222', 'birthdate@gmail.ocm', '2015-04-22', 1, 2),
(14, 1, '$birthdate$birthdate', '$birthdate', '$birthdate$birthdate', '$birthdate$birthdate', '$birthda', 28, 1, '2538', '1111111111111', '1111111111', 'birthdate@gmail.ocm', '2015-05-03', 1, 1),
(15, 1, 'bbbbbbbererer2323', 'bbbbbbbererer2323', 'bbbbbbbererer2323', 'bbbbbbbererer2323', '22222222', 28, 1, '2539', '1111111111111', '3333333333', 'bbbbbbbererer2323@gmail.com', '2015-05-03', 1, 2),
(16, 1, '12345678', '12345678', '1234567812345678', '1234567812345678', '12345679', 28, 1, '2554', '1234567812345', '1234567812', '12345678@gmail.com', '2015-05-03', 1, 1);

-- --------------------------------------------------------

--
-- Table structure for table `prefix`
--

CREATE TABLE IF NOT EXISTS `prefix` (
`id` int(11) NOT NULL COMMENT 'รหัสคำนำหน้าชื่อ',
  `name` varchar(50) NOT NULL COMMENT 'คำนำหน้าชื่อ',
  `createdate` date NOT NULL COMMENT 'วันที่สร้ง',
  `creator` int(11) NOT NULL COMMENT 'สร้างโดย'
) ENGINE=InnoDB AUTO_INCREMENT=7 DEFAULT CHARSET=utf8;

--
-- Dumping data for table `prefix`
--

INSERT INTO `prefix` (`id`, `name`, `createdate`, `creator`) VALUES
(1, 'นาย', '2015-03-23', 1),
(2, 'นาง', '2015-03-23', 1),
(3, 'นางสาว', '2015-03-23', 1),
(4, 'ดช.', '2015-03-23', 1),
(5, 'ดญ.', '2015-03-23', 1),
(6, 'ฟหฟหฟห', '2015-05-10', 1);

--
-- Indexes for dumped tables
--

--
-- Indexes for table `branch`
--
ALTER TABLE `branch`
 ADD PRIMARY KEY (`id`);

--
-- Indexes for table `campus`
--
ALTER TABLE `campus`
 ADD PRIMARY KEY (`id`);

--
-- Indexes for table `faculty`
--
ALTER TABLE `faculty`
 ADD PRIMARY KEY (`id`);

--
-- Indexes for table `image`
--
ALTER TABLE `image`
 ADD PRIMARY KEY (`id`);

--
-- Indexes for table `image_type`
--
ALTER TABLE `image_type`
 ADD PRIMARY KEY (`id`);

--
-- Indexes for table `news`
--
ALTER TABLE `news`
 ADD PRIMARY KEY (`id`);

--
-- Indexes for table `news_group`
--
ALTER TABLE `news_group`
 ADD PRIMARY KEY (`id`);

--
-- Indexes for table `news_replay`
--
ALTER TABLE `news_replay`
 ADD PRIMARY KEY (`id`);

--
-- Indexes for table `news_status`
--
ALTER TABLE `news_status`
 ADD PRIMARY KEY (`id`);

--
-- Indexes for table `person`
--
ALTER TABLE `person`
 ADD PRIMARY KEY (`id`);

--
-- Indexes for table `prefix`
--
ALTER TABLE `prefix`
 ADD PRIMARY KEY (`id`);

--
-- AUTO_INCREMENT for dumped tables
--

--
-- AUTO_INCREMENT for table `branch`
--
ALTER TABLE `branch`
MODIFY `id` int(11) NOT NULL AUTO_INCREMENT,AUTO_INCREMENT=16;
--
-- AUTO_INCREMENT for table `campus`
--
ALTER TABLE `campus`
MODIFY `id` int(11) NOT NULL AUTO_INCREMENT,AUTO_INCREMENT=5;
--
-- AUTO_INCREMENT for table `faculty`
--
ALTER TABLE `faculty`
MODIFY `id` int(11) NOT NULL AUTO_INCREMENT,AUTO_INCREMENT=32;
--
-- AUTO_INCREMENT for table `image`
--
ALTER TABLE `image`
MODIFY `id` int(11) NOT NULL AUTO_INCREMENT,AUTO_INCREMENT=58;
--
-- AUTO_INCREMENT for table `image_type`
--
ALTER TABLE `image_type`
MODIFY `id` int(11) NOT NULL AUTO_INCREMENT,AUTO_INCREMENT=7;
--
-- AUTO_INCREMENT for table `news`
--
ALTER TABLE `news`
MODIFY `id` int(11) NOT NULL AUTO_INCREMENT COMMENT 'รหัสข่าว',AUTO_INCREMENT=60;
--
-- AUTO_INCREMENT for table `news_group`
--
ALTER TABLE `news_group`
MODIFY `id` int(11) NOT NULL AUTO_INCREMENT,AUTO_INCREMENT=12;
--
-- AUTO_INCREMENT for table `news_replay`
--
ALTER TABLE `news_replay`
MODIFY `id` int(11) NOT NULL AUTO_INCREMENT COMMENT 'รหัส',AUTO_INCREMENT=41;
--
-- AUTO_INCREMENT for table `news_status`
--
ALTER TABLE `news_status`
MODIFY `id` int(11) NOT NULL AUTO_INCREMENT COMMENT 'รหัสสถานะข่าว',AUTO_INCREMENT=4;
--
-- AUTO_INCREMENT for table `person`
--
ALTER TABLE `person`
MODIFY `id` int(11) NOT NULL AUTO_INCREMENT COMMENT 'รหัส',AUTO_INCREMENT=17;
--
-- AUTO_INCREMENT for table `prefix`
--
ALTER TABLE `prefix`
MODIFY `id` int(11) NOT NULL AUTO_INCREMENT COMMENT 'รหัสคำนำหน้าชื่อ',AUTO_INCREMENT=7;
/*!40101 SET CHARACTER_SET_CLIENT=@OLD_CHARACTER_SET_CLIENT */;
/*!40101 SET CHARACTER_SET_RESULTS=@OLD_CHARACTER_SET_RESULTS */;
/*!40101 SET COLLATION_CONNECTION=@OLD_COLLATION_CONNECTION */;
